                  epoch,         train/box_loss,         train/cls_loss,         train/dfl_loss,   metrics/precision(B),      metrics/recall(B),       metrics/mAP50(B),    metrics/mAP50-95(B),           val/box_loss,           val/cls_loss,           val/dfl_loss,                 lr/pg0,                 lr/pg1,                 lr/pg2
                      1,                 3.3386,                 4.0258,                 3.8572,                0.34868,                0.01922,                0.00648,                 0.0018,                 3.0842,                 5.4741,                 3.4859,             0.00047468,             0.00047468,             0.00047468
                      2,                 2.7703,                  3.623,                 3.1021,                0.20097,                0.03357,                0.03977,                0.01166,                 2.6716,                  3.535,                 3.0969,             0.00048026,             0.00048026,             0.00048026
