                  epoch,         train/box_loss,         train/cls_loss,         train/dfl_loss,   metrics/precision(B),      metrics/recall(B),       metrics/mAP50(B),    metrics/mAP50-95(B),           val/box_loss,           val/cls_loss,           val/dfl_loss,                 lr/pg0,                 lr/pg1,                 lr/pg2
                      1,                 3.4997,                 3.5642,                 4.1406,                0.00231,                0.23684,                0.00608,                0.00224,                 3.8844,                 4.0141,                 4.2359,             0.00065591,             0.00065591,             0.00065591
                      2,                 3.1603,                 3.3468,                 3.5863,                0.00813,                0.26316,                0.00698,                0.00225,                 3.6529,                 4.0873,                 4.1549,              0.0013095,              0.0013095,              0.0013095
                      3,                 2.9421,                 3.2143,                  3.244,                0.02708,                0.23684,                0.01338,                0.00307,                  3.166,                 6.6075,                 3.6687,              0.0019499,              0.0019499,              0.0019499
                      4,                  2.767,                 3.0605,                   3.03,                0.03728,                0.07895,                0.01233,                0.00377,                 3.0625,                 5.7217,                 3.3108,              0.0019406,              0.0019406,              0.0019406
                      5,                 2.6515,                 2.8979,                 2.9165,                0.21144,                0.02632,                0.02415,                0.00808,                 2.8582,                 5.6923,                 3.0343,              0.0019406,              0.0019406,              0.0019406
